الكلية, الحد الأدنى
طب القاهرة,320
طب أسنان القاهرة,320
هندسة القاهرة,320
طب الإسكندرية,320
طب أسنان الإسكندرية,320
طب بور سعيد,320
طب عين شمس,320
طب أسنان عين شمس,320
صيدلة المنوفية,320
طب سوهاج,320
طب الفيوم,320
طب أسيوط,320
طب طنطا,320
طب المنصورة,320
طب أسنان المنصورة,320
طب الزقازيق,320
طب قناة السويس بالإسماعيلية,320
طب المنوفية بشبين الكوم,320
طب بنها,320
طب السويس,320
طب بني سويف,320
طب أسنان الزقازيق,320
طب المنيا,320
طب أسنان المنوفية,320
طب دمياط,320
صيدلة و تصنيع دوائي كفر الشيخ,320
طب كفر الشيخ,320
طب السادات,319.9872
طب العاصمة بحلوان,319.9872
طب أسنان طنطا,319.9872
طب أسنان كفر الشيخ,319.978667
طب الوادي الجديد,319.978667
طب أسوان,319.978667
طب قنا,319.978667
طب الاقصر,319.978667
طب العريش,319.978667
طب أسنان أسيوط,319.9744
طب أسنان قناة السويس بالإسماعيلية,319.967595
طب أسنان المنيا,319.965867
طب أسنان السويس,319.965867
طب أسنان الفيوم,319.965867
طب أسنان بني سويف,319.959494
طب وجراحة الفم والأسنان سوهاج,319.957333
طب أسنان قنا,319.957333
صيدلة الإسكندرية,319.949367
صيدلة طنطا,319.946262
صيدلة المنصورة,319.944533
علاج طبيعي بنها,319.914667
صيدلة مدينة السادات,319.906133
علاج طبيعي كفر الشيخ,319.904027
صيدلة دمنهور,319.88881
صيدلة القاهرة,319.861127
علاج طبيعي القاهرة,319.854933
علاج طبيعي بورسعيد,319.850721
صيدلة عين شمس,319.837975
علاج طبيعي السويس,319.83576
علاج طبيعي قناة السويس,319.811457
علاج طبيعي بني سويف,319.786843
صيدلة العاصمة بحلوان,319.782729
صيدلة الزقازيق,319.761396
علاج طبيعي قنا,319.748861
صيدلة الفيوم,319.726597
صيدلة قنا,319.725323
صيدلة قناة السويس بالإسماعيلية,319.723339
صيدلة أسيوط,319.709867
هندسة عين شمس,319.683511
صيدلة بور سعيد,319.61519
صيدلة المنيا,319.609789
صيدلة بني سويف,319.555997
صيدلة سوهاج,319.506179
صيدلة ج الوادي الجديد,319.309934
هندسة بترول و تعدين السويس,318.518045
هندسة المنيا,318.4
هندسة بنها,318.4
هندسة الطاقة أسوان,318.4
علوم البترول والتعدين مطروح,318.4
هندسة قنا,318.4
تخطيط عمراني القاهرة,318.4
هندسة المنوفية بشبين الكوم,318.4
هندسة العاصمة بحلوان,318.4
هندسة العاصمة بالمطرية,318.4
هندسة دمياط,318.4
هندسة بنها بشبرا,318.4
هندسة الزقازيق,318.4
حاسبات و ذكاء إصطناعي القاهرة رياضة,318.4
هندسة الفيوم,318.4
هندسة كفر الشيخ,318.4
هندسة قناة السويس بالإسماعيلية,318.4
هندسة إلكترونية المنوفية بمنوف,318.4
هندسة الإسكندرية,318.4
هندسة أسيوط,318.4
هندسة بور سعيد,318.4
هندسة المنصورة,318.4
هندسة طنطا,318.4
كلية الهندسة جامعة دمنهور,318.4
هندسة السويس,318.378667
هندسة بني سويف,318.357333
هندسة أسوان,318.33816
هندسة الوادي الجديد,318.319132
هندسة سوهاج,318.276321
حاسبات و علوم البيانات الإسكندرية رياضة,318.077899
حاسبات ومعلومات دمنهور بالنوبارية رياضة,316.8
الذكاء الاصطناعى كفر الشيخ رياضة,316.8
حاسبات ومعلومات طنطا رياضة,316.8
حاسبات ومعلومات الزقازيق رياضة,316.8
حاسبات ومعلومات المنصورة رياضة,316.8
حاسبات ومعلومات عين شمس رياضة,316.8
حاسبات ومعلومات دمياط رياضة,316.749367
حاسبات و ذكاء إصطناعي العاصمة بحلوان رياضة,316.738464
حاسبات ومعلومات كفر الشيخ رياضة,315.678255
حاسبات ومعلومات المنوفية بشبين الكوم رياضة,315.417647
حاسبات ومعلومات المنيا رياضة,315.2
حاسبات و ذكاء إصطناعي بنها رياضة,315.2
طب بيطري القاهرة,315.2
طب بيطري المنصورة,315.2
علوم البترول والتعدين مطروح - علوم,315.2
حاسبات و ذكاء إصطناعي الغردقة رياضة,315.2
ذكاء إصطناعي المنوفية شبين الكوم رياضة,315.2
طب بيطري عين شمس,315.2
طب بيطري الإسكندرية,315.052657
حاسبات ومعلومات قناة السويس بالإسماعيلية رياضة,314.542695
حاسبات ومعلومات السويس رياضة,314.371346
حاسبات وذكاء اصطناعي السادات رياضة,313.717044
حاسبات وذكاء اصطناعي مطروح رياضة,313.6
حاسبات و معلومات العريش رياضة,313.6
حاسبات ومعلومات الفيوم رياضة,313.6
طب بيطري كفر الشيخ,313.6
حاسبات ومعلومات بني سويف رياضة,312.658117
طب بيطري الزقازيق,312
اقتصاد و علوم سياسية القاهرة,312
حاسبات ومعلومات أسيوط رياضة,312
ألسن كفر الشيخ,312
طب بيطري المنوفية,312
حاسبات ومعلومات الأقصر رياضة,311.236364
طب بيطري بنها,310.4
العلوم الصحية التطبيقية المنوفية,310.4
طب بيطري دمنهور,310.4
حاسبات ومعلومات سوهاج رياضة,310.4
حاسبات ومعلومات قنا رياضة,310.3872
المعهد العالى للهندسة والتكنولوجيا بالزقازيق,308.8
إعلام القاهرة,307.2
الاكاديمية المصرية للهندسة والتكنولوجيا المتقدمة وزارة الانتاج الحربى,305.6
المعهد العالى للهندسة والتكنولوجيا ببرج العرب بالاسكندرية,304
معهد هندسة وتكنولوجيا الطيران إمبابة جيزة بمصروفات,304
طب بيطري قناة السويس بالإسماعيلية,304
ألسن عين شمس,304
طب بيطري مدينة السادات,303.803733
طب بيطري قنا,302.4
طب بيطري أسوان,302.4
طب بيطري المنيا,302.14552
إعلام عين شمس,301.896663
ألسن الفيوم,300.8
طب بيطري بني سويف,300.8
طب بيطري أسيوط,299.2
العلوم الصحية التطبيقية بني سويف,299.2
طب بيطري مطروح,297.6
طب بيطري العريش,297.6
إعلام المنوفية,296
ألسن قناة السويس بالإسماعيلية,295.662933
المجمع التكنولوجي المتكامل بالسلام,294.4
طب بيطري سوهاج,294.4
طب بيطري الوادي الجديد,294.4
معهد تكنولوجي عالي العاشر من رمضان شعبة (هندسة) بمصروفات,292.8
المصرية الصينية للتكنولوجيا قناة السويس بالإسماعيلية,291.998633
الدراسات الاقتصادية و العلوم السياسة الإسكندرية,289.847467
تمريض القاهرة,289.6
تمريض العاصمة بحلوان,286.4
آداب انتساب موجه المنيا,285.739909
دار العلوم القاهرة,285.326081
ألسن بني سويف,284.8
ألسن الغردقة,281.754578
ألسن أسوان,281.6
دار العلوم انتساب موجه القاهرة,280.684357
تمريض طنطا,279.867733
تجارة انتساب موجه المنصورة,278.562633
معهد الإسكندرية العالي للتكنولوجيا بسموحة بمصروفات,277.672727
معهد العبور العالي للهندسه والتكنولوجيا بمصروفات,277.198943
المعهد العالى للهندسة والتكنولوجيا بطنطا,277.092712
تجارة انتساب موجه الزقازيق,276.8
تمريض عين شمس,276.702785
معهد عالي كندي تكنولوجيا هندسة ت.خامس,275.2
تمريض المنصورة,274.402431
كلية تكنولوجيا العلوم الصحية 6 أكتوبر التكنولوجية,274.114718
تمريض السادات,274.079197
ألسن الأقصر,273.217041
آداب انتساب موجه المنصورة,272
تجارة انتساب موجه القاهرة,270.690918
ألسن المنيا,268.630204
حقوق انتساب موجه سوهاج,265.254076
تكنولوجيا الادارة ونظم المعلومات بور سعيد,264.901436
آداب انتساب موجه المنوفية بشبين الكوم,262.700516
حقوق انتساب موجه بني سويف,260.8
آداب انتساب موجه القاهرة,260.147736
تمريض دمياط,256.678481
تجارة انتساب موجه عين شمس,256
ألسن سوهاج,255.775237
آداب انتساب موجه الزقازيق,246.4
المعهد العالى للهندسة ببلبيس,245.027916
تمريض بنها,244.487808
آداب انتساب موجه عين شمس,229.038691
آداب انتساب موجه قنا,206.913644
